"Txhash","Blockno","UnixTimestamp","DateTime","From","To","ContractAddress","Value_IN(ETH)","Value_OUT(ETH)","CurrentValue @ $0/Eth","TxnFee(ETH)","TxnFee(USD)","Historical $Price/Eth","Status","ErrCode"
"0xf1e5d7a0e39ee5dcf5595de476b4b0c8db83ae5a289b94a95c0f4e678d1263dd","9957375","1617286461","2021-04-01 14:14:21","0x81112ba5d2527de39396d1b6a9a77b1748049336","0xf164a4de04d55f268adb795434bce932ea8db731","","0.001","0","0","0.000105","0","","","",""
"0x23ba19d18b71634257c80b34959170433bb7dbc9290f01997485a0bbf9ba03f8","9957400","1617286830","2021-04-01 14:20:30","0xf164a4de04d55f268adb795434bce932ea8db731","0x81112ba5d2527de39396d1b6a9a77b1748049336","","0","0.002","0","0.000105","0","","","",""
"0x4815a5db2f2081424b967d9095d5504adccf5e224fc594b685a99a6198f7f13d","9976940","1617545182","2021-04-04 14:06:22","0xf164a4de04d55f268adb795434bce932ea8db731","0x81112ba5d2527de39396d1b6a9a77b1748049336","","0","0.001","0","0.000021","0","","","",""
"0xf6d9266db7f2de99fef6695787fd33c67558e8472fa31dd2a65bc8efb7c447b3","10000809","1617918888","2021-04-08 21:54:48","0x687422eea2cb73b5d3e242ba5456b782919afc85","0xf164a4de04d55f268adb795434bce932ea8db731","","1","0","0","0.000021","0","","","",""
"0x025813aabee0f2ec162a8b0691173c020601a87e4a543f20b1a6907a080cbb3d","10000902","1617920090","2021-04-08 22:14:50","0xf164a4de04d55f268adb795434bce932ea8db731","","0xefcdc0fc735a3cbb3a1b9f7d75da65507af06498","0","0","0","0.000560935","0","","","",""
"0x57e3730c072bf9a9a8df46a32dbefe386299c824a9590409ea72028843758f99","10000907","1617920234","2021-04-08 22:17:14","0xf164a4de04d55f268adb795434bce932ea8db731","0xefcdc0fc735a3cbb3a1b9f7d75da65507af06498","","0","0","0","0.000068299","0","","","",""
"0xe7b8faddcbb97a9dab28d415222765ae724cf1ac881b1d43ee4b0db09262192e","10000925","1617920446","2021-04-08 22:20:46","0xf164a4de04d55f268adb795434bce932ea8db731","0xefcdc0fc735a3cbb3a1b9f7d75da65507af06498","","0","0","0","0.000051783","0","","","",""
"0x329542e232df6d0154c39ff46745d32f1adb618118d0674c618d0e0fb62e51a7","10000927","1617920495","2021-04-08 22:21:35","0xf164a4de04d55f268adb795434bce932ea8db731","","0x8f7b4c3c5b1ec4d2ff748a57081411a3301e4b45","0","0","0","0.00056093569219379","0","","","",""
"0x2ee2af05f5eb74c0dd6df43254428d978f953a5aceead75a8c25d1fbc2a2d83f","10000931","1617920584","2021-04-08 22:23:04","0xf164a4de04d55f268adb795434bce932ea8db731","0x8f7b4c3c5b1ec4d2ff748a57081411a3301e4b45","","0","0","0","0.000068311","0","","","",""
"0x5cf78f1b612fc9b7dcc0d2ba476cd9d726e4bbfe2e5a0409fd005a3bae9309b1","10000934","1617920598","2021-04-08 22:23:18","0xf164a4de04d55f268adb795434bce932ea8db731","0x8f7b4c3c5b1ec4d2ff748a57081411a3301e4b45","","0","0","0","0.000027083033420422","0","","","",""
"0xeb9a9951a541b3f2cc9f719cd2f8ebaf47cfbc921da0a880e61263bbe9cba6de","10000937","1617920632","2021-04-08 22:23:52","0xf164a4de04d55f268adb795434bce932ea8db731","0x8f7b4c3c5b1ec4d2ff748a57081411a3301e4b45","","0","0","0","0.000046268057094712","0","","","",""
